{
    "0": {
        "0": -10.75527098301428,
        "1": -10.801098729106434,
        "2": -10.741028822451751,
        "3": -11.06947204714189
    },
    "1": {
        "0": -10.86535197676295,
        "1": -10.87993265844671,
        "2": -10.71806302459412,
        "3": -11.040261889532186
    },
    "2": {
        "0": -10.805559078703068,
        "1": -10.586429619335268,
        "2": -10.686444328120816,
        "3": -10.869291753351368
    },
    "3": {
        "0": -10.540510955539927,
        "1": -10.501202377196222,
        "2": -10.321756443274941,
        "3": -10.516705060905815
    },
    "4": {
        "0": -10.098885659775595,
        "1": -9.97107451997268,
        "2": -9.693513661855526,
        "3": -9.805793944953873
    },
    "5": {
        "0": -9.326968438222305,
        "1": -9.311266645152191,
        "2": -9.212114016025872,
        "3": -9.448324261517662
    },
    "6": {
        "0": -8.78810781789143,
        "1": -8.79282034007279,
        "2": -8.797174134304594,
        "3": -9.110575956116945
    },
    "7": {
        "0": -8.578798212726943,
        "1": -8.64846645183493,
        "2": -8.661372330104673,
        "3": -8.739613229102325
    },
    "8": {
        "0": -9.963270597394688,
        "1": -9.610991280123622,
        "2": -10.276727079231076,
        "3": -10.332424557021243
    },
    "9": {
        "0": -10.247337711353202,
        "1": -9.835097027192631,
        "2": -9.998660206341949,
        "3": -10.350247731223487
    },
    "10": {
        "0": -10.13698064622337,
        "1": -9.915693656720837,
        "2": -10.244222630377402,
        "3": -10.354132742192775
    },
    "11": {
        "0": -10.050355012097624,
        "1": -9.915971449329316,
        "2": -10.00045479296496,
        "3": -9.982281171193348
    },
    "12": {
        "0": -9.580499799919806,
        "1": -9.252316683494065,
        "2": -9.140742449674581,
        "3": -9.302382554198909
    },
    "13": {
        "0": -8.907503530969075,
        "1": -8.698871471436712,
        "2": -8.660783468372136,
        "3": -8.732794475189877
    },
    "14": {
        "0": -8.13236019345621,
        "1": -8.04060983413763,
        "2": -8.094242305684789,
        "3": -8.322374530896505
    },
    "15": {
        "0": -7.564585917475351,
        "1": -7.194495439775693,
        "2": -7.5013114417630815,
        "3": -8.153309901238174
    },
    "16": {
        "0": -8.789763649018328,
        "1": -8.620015185109738,
        "2": -9.257949051707321,
        "3": -9.22371937066552
    },
    "17": {
        "0": -9.29690449013682,
        "1": -9.136650283971878,
        "2": -9.351008718091647,
        "3": -9.407178421801806
    },
    "18": {
        "0": -9.364092603196973,
        "1": -9.98621053689884,
        "2": -9.989243269543765,
        "3": -9.999903281546166
    },
    "19": {
        "0": 0,
        "1": 0,
        "2": 0,
        "3": 0
    },
    "20": {
        "0": -9.927730904506447,
        "1": -9.84400023894695,
        "2": -8.575278978020037,
        "3": -9.969561089102273
    },
    "21": {
        "0": -9.874743395250453,
        "1": -9.959562594669428,
        "2": -9.903737285995172,
        "3": -8.060431531738702
    },
    "22": {
        "0": -7.332191561688937,
        "1": -7.12886359606686,
        "2": -6.580907270155308,
        "3": -7.37987500129087
    },
    "23": {
        "0": -6.457120153738016,
        "1": -5.918811492134759,
        "2": -6.182677179731132,
        "3": -6.749968321540342
    },
    "24": {
        "0": -7.652357518451884,
        "1": -7.244343886659977,
        "2": -8.076765669995638,
        "3": -8.1649814293272
    },
    "25": {
        "0": -8.36870744225393,
        "1": -8.341916072906239,
        "2": -8.76123480823139,
        "3": -8.784991293325291
    },
    "26": {
        "0": -9.252974732228576,
        "1": -9.330483288278428,
        "2": -9.472812005600552,
        "3": -9.273693871551599
    },
    "27": {
        "0": -9.998888146824886,
        "1": -9.582890343197429,
        "2": -9.948943978533975,
        "3": -9.962870887184081
    },
    "28": {
        "0": -8.318892306056188,
        "1": -9.930033024582215,
        "2": -9.998242990102918,
        "3": -9.940224163882455
    },
    "29": {
        "0": 0,
        "1": 0,
        "2": 0,
        "3": 0
    },
    "30": {
        "0": -9.208629542475986,
        "1": -9.998065212624127,
        "2": -5.6256091374416775,
        "3": -9.963026267746987
    },
    "31": {
        "0": -4.602435154004335,
        "1": -4.617157817166634,
        "2": -4.685216929053743,
        "3": -5.268083988863224
    },
    "32": {
        "0": -6.2488282373746475,
        "1": -6.982108640224874,
        "2": -7.060593430499317,
        "3": -7.2518576186372705
    },
    "33": {
        "0": -9.797329028941716,
        "1": -9.967510027784542,
        "2": -9.811651835783566,
        "3": -8.14107327392778
    },
    "34": {
        "0": -9.999964354174352,
        "1": -9.999999996477893,
        "2": -9.999901904601774,
        "3": -9.58655784884527
    },
    "35": {
        "0": 0,
        "1": 0,
        "2": 0,
        "3": 0
    },
    "36": {
        "0": -9.906044072522961,
        "1": -9.788750586432895,
        "2": -6.820041173329333,
        "3": -9.534234260344975
    },
    "37": {
        "0": -9.90437035230144,
        "1": -6.04744557483143,
        "2": -9.731466150721015,
        "3": -9.997596103474308
    },
    "38": {
        "0": -7.532320397832142,
        "1": -9.985838010918554,
        "2": -9.86564810459772,
        "3": -5.191452990054084
    },
    "39": {
        "0": -3.5370496188233664,
        "1": -2.8886287573385547,
        "2": -3.5687904197281224,
        "3": -4.243693196003235
    },
    "40": {
        "0": -5.59158519468499,
        "1": -9.092688308312749,
        "2": -9.999893078549297,
        "3": -7.254923741048135
    },
    "41": {
        "0": 0,
        "1": 0,
        "2": 0,
        "3": 0
    },
    "42": {
        "0": 0,
        "1": 0,
        "2": 0,
        "3": 0
    },
    "43": {
        "0": -9.999988786961245,
        "1": -9.976361162507256,
        "2": -9.994515817182522,
        "3": -9.78676478376178
    },
    "44": {
        "0": -9.44190834027063,
        "1": -9.638768670853937,
        "2": -8.56672148667425,
        "3": -7.878627112133164
    },
    "45": {
        "0": -7.587856411684465,
        "1": -9.999997279901477,
        "2": -9.997223760765424,
        "3": -8.46498367578016
    },
    "46": {
        "0": 0,
        "1": 0,
        "2": 0,
        "3": 0
    },
    "47": {
        "0": -9.587204774760082,
        "1": -8.694167791454287,
        "2": -0.5411039890118994,
        "3": -9.738706616644563
    },
    "48": {
        "0": -4.277308950095087,
        "1": -9.771969875989985,
        "2": -9.336441055172106,
        "3": -9.453035362950317
    },
    "49": {
        "0": 0,
        "1": 0,
        "2": 0,
        "3": 0
    },
    "50": {
        "0": -9.56078796313815,
        "1": -9.992870390951056,
        "2": -9.0717299078938,
        "3": -9.999231807908604
    },
    "51": {
        "0": -9.999302722949668,
        "1": -9.997989258169389,
        "2": -9.999877811519797,
        "3": -9.999150983142117
    },
    "52": {
        "0": 0,
        "1": 0,
        "2": 0,
        "3": 0
    },
    "53": {
        "0": -9.905502361940075,
        "1": -9.99646955958017,
        "2": -9.464206838560695,
        "3": -9.962419869882154
    },
    "54": {
        "0": 0,
        "1": 0,
        "2": 0,
        "3": 0
    },
    "55": {
        "0": -8.9060344457348,
        "1": -9.999897316328417,
        "2": 1.1779134297033123,
        "3": -9.827591852812873
    },
    "56": {
        "0": -3.4081299111725647,
        "1": -3.2909679096149915,
        "2": -3.5388725725458308,
        "3": -3.8130111538263973
    },
    "57": {
        "0": -9.236916073422794,